[
    {
        "Property": "Cox Creek Plaza - Walmart, shops",
        "Square Feet": "119,900",
        "Address": "",
        "City": "Florence",
        "State": "AL",
        "City, State": "Florence, AL",
        "Latitude": "34.79981",
        "Longitude": "-87.677251",
        "Zip Code": ""
    },
    {
        "Property": "Glenn Crossing - Shoe Show, Hibbetts, Burke's",
        "Square Feet": "41,200",
        "Address": "",
        "City": "Fort Payne",
        "State": "AL",
        "City, State": "Fort Payne, AL",
        "Latitude": "34.4442547",
        "Longitude": "-85.7196893",
        "Zip Code": ""
    },
    {
        "Property": "English Village Shopping Center - Walmart, Goody's, Staples",
        "Square Feet": "302,245",
        "Address": "",
        "City": "Decatur",
        "State": "AL",
        "City, State": "Decatur, AL",
        "Latitude": "34.6059253",
        "Longitude": "-86.9833417",
        "Zip Code": ""
    },
    {
        "Property": "Brooksville Square - Publix, Walgreens",
        "Square Feet": "96,402",
        "Address": "",
        "City": "Brooksville",
        "State": "FL",
        "City, State": "Brooksville, FL",
        "Latitude": "28.5552719",
        "Longitude": "-82.3878709",
        "Zip Code": ""
    },
    {
        "Property": "Haines City Plaza - Walmart, Revco, Kash 'n Karry",
        "Square Feet": "112,202",
        "Address": "",
        "City": "Haines City",
        "State": "FL",
        "City, State": "Haines City, FL",
        "Latitude": "28.1141841",
        "Longitude": "-81.6178536",
        "Zip Code": ""
    },
    {
        "Property": "Hardee County Plaza - Walmart, Bealls, Kash 'n Karry",
        "Square Feet": "108,528",
        "Address": "",
        "City": "Wauchula",
        "State": "FL",
        "City, State": "Wauchula, FL",
        "Latitude": "27.5472589",
        "Longitude": "-81.8114715",
        "Zip Code": ""
    },
    {
        "Property": "Home Depot - Walgreens",
        "Square Feet": "104,873",
        "Address": "",
        "City": "Zephyrhills",
        "State": "FL",
        "City, State": "Zephyrhills, FL",
        "Latitude": "28.2336196",
        "Longitude": "-82.1811947",
        "Zip Code": ""
    },
    {
        "Property": "Brooksville Center - Kmart, Publix, Walgreens, shops",
        "Square Feet": "165,000",
        "Address": "",
        "City": "Brooksville",
        "State": "FL",
        "City, State": "Brooksville, FL",
        "Latitude": "28.5552719",
        "Longitude": "-82.3878709",
        "Zip Code": ""
    },
    {
        "Property": "Lake Wales Square - Kmart, Winn Dixie, shops",
        "Square Feet": "135,000",
        "Address": "",
        "City": "Lake Wales",
        "State": "FL",
        "City, State": "Lake Wales, FL",
        "Latitude": "27.9014133",
        "Longitude": "-81.5859099",
        "Zip Code": ""
    },
    {
        "Property": "Kmart",
        "Square Feet": "114,500",
        "Address": "",
        "City": "Lakeland",
        "State": "FL",
        "City, State": "Lakeland, FL",
        "Latitude": "28.0394654",
        "Longitude": "-81.9498042",
        "Zip Code": ""
    },
    {
        "Property": "Kmart, Publix, shops",
        "Square Feet": "186,074",
        "Address": "",
        "City": "Deland",
        "State": "FL",
        "City, State": "Deland, FL",
        "Latitude": "29.028318",
        "Longitude": "-81.3031179",
        "Zip Code": ""
    },
    {
        "Property": "Leesburg Square - Publix, Walgreens, shops",
        "Square Feet": "87,795",
        "Address": "",
        "City": "Leesburg",
        "State": "FL",
        "City, State": "Leesburg, FL",
        "Latitude": "28.810823",
        "Longitude": "-81.8778582",
        "Zip Code": ""
    },
    {
        "Property": "North River Village - Kmart, Publix, Walgreens, shops",
        "Square Feet": "170,000",
        "Address": "",
        "City": "Ellenton",
        "State": "FL",
        "City, State": "Ellenton, FL",
        "Latitude": "27.521705",
        "Longitude": "-82.5275963",
        "Zip Code": ""
    },
    {
        "Property": "Publix, shops",
        "Square Feet": "64,800",
        "Address": "",
        "City": "North Point",
        "State": "FL",
        "City, State": "North Point, FL",
        "Latitude": "27.044224",
        "Longitude": "-82.2359254",
        "Zip Code": ""
    },
    {
        "Property": "Publix, shops",
        "Square Feet": "67,200",
        "Address": "",
        "City": "Jacksonville",
        "State": "FL",
        "City, State": "Jacksonville, FL",
        "Latitude": "30.3321838",
        "Longitude": "-81.655651",
        "Zip Code": ""
    },
    {
        "Property": "Publix, shops",
        "Square Feet": "55,512",
        "Address": "",
        "City": "Okeechobee",
        "State": "FL",
        "City, State": "Okeechobee, FL",
        "Latitude": "27.2439349",
        "Longitude": "-80.8297828",
        "Zip Code": ""
    },
    {
        "Property": "Publix, shops",
        "Square Feet": "75,000",
        "Address": "",
        "City": "Riverview",
        "State": "FL",
        "City, State": "Riverview, FL",
        "Latitude": "27.8661364",
        "Longitude": "-82.3264809",
        "Zip Code": ""
    },
    {
        "Property": "Publix, shops",
        "Square Feet": "72,000",
        "Address": "",
        "City": "Silver Springs Shores",
        "State": "FL",
        "City, State": "Silver Springs Shores, FL",
        "Latitude": "29.1044237",
        "Longitude": "-82.0206428",
        "Zip Code": ""
    },
    {
        "Property": "Seminole Center - Walmart, Publix, Eckerds, Ross, Luria's, shops",
        "Square Feet": "285,093",
        "Address": "",
        "City": "Sanford",
        "State": "FL",
        "City, State": "Sanford, FL",
        "Latitude": "28.8028612",
        "Longitude": "-81.269453",
        "Zip Code": ""
    },
    {
        "Property": "Shops at Winter Haven - Walmart, Food Lion, shops",
        "Square Feet": "156,921",
        "Address": "",
        "City": "Winter Haven",
        "State": "FL",
        "City, State": "Winter Haven, FL",
        "Latitude": "28.0222435",
        "Longitude": "-81.7328567",
        "Zip Code": ""
    },
    {
        "Property": "USA Shoppes - Walmart, Revco, Scottys",
        "Square Feet": "94,478",
        "Address": "",
        "City": "Arcadia",
        "State": "FL",
        "City, State": "Arcadia, FL",
        "Latitude": "27.2158826",
        "Longitude": "-81.8584164",
        "Zip Code": ""
    },
    {
        "Property": "Walmart, Publix, Walgreens, shops",
        "Square Feet": "165,974",
        "Address": "",
        "City": "Mango (East Tampa)",
        "State": "FL",
        "City, State": "Mango (East Tampa), FL",
        "Latitude": "27.9601776",
        "Longitude": "-82.3594007",
        "Zip Code": ""
    },
    {
        "Property": "Walmart, shops",
        "Square Feet": "104,354",
        "Address": "",
        "City": "Okeechobee",
        "State": "FL",
        "City, State": "Okeechobee, FL",
        "Latitude": "27.2439349",
        "Longitude": "-80.8297828",
        "Zip Code": ""
    },
    {
        "Property": "Walmart, Scottys",
        "Square Feet": "110,000",
        "Address": "",
        "City": "Palatka",
        "State": "FL",
        "City, State": "Palatka, FL",
        "Latitude": "29.6485801",
        "Longitude": "-81.6375819",
        "Zip Code": ""
    },
    {
        "Property": "Covington Gallery - Kmart, Ingles, shops",
        "Square Feet": "172,566",
        "Address": "",
        "City": "Covington",
        "State": "GA",
        "City, State": "Covington, GA",
        "Latitude": "33.5967815",
        "Longitude": "-83.8601827",
        "Zip Code": ""
    },
    {
        "Property": "Perry Marketplace -  Kmart, Kroger, shops",
        "Square Feet": "164,223",
        "Address": "",
        "City": "Perry",
        "State": "GA",
        "City, State": "Perry, GA",
        "Latitude": "32.4582065",
        "Longitude": "-83.7315723",
        "Zip Code": ""
    },
    {
        "Property": "Walmart, Menards, Kohl's shops",
        "Square Feet": "567,000",
        "Address": "",
        "City": "Galesburg",
        "State": "IL",
        "City, State": "Galesburg, IL",
        "Latitude": "40.9478158",
        "Longitude": "-90.3712395",
        "Zip Code": ""
    },
    {
        "Property": "Clifty Crossing - Walmart, J C Foods, shops",
        "Square Feet": "190,819",
        "Address": "",
        "City": "Columbus",
        "State": "IN",
        "City, State": "Columbus, IN",
        "Latitude": "39.2014404",
        "Longitude": "-85.9213796",
        "Zip Code": ""
    },
    {
        "Property": "Clinton County Plaza - Walmart, shops",
        "Square Feet": "85,904",
        "Address": "",
        "City": "Frankfort",
        "State": "IN",
        "City, State": "Frankfort, IN",
        "Latitude": "40.2794809",
        "Longitude": "-86.5108355",
        "Zip Code": ""
    },
    {
        "Property": "Flat Rock Village Shoppes - Walmart, shops",
        "Square Feet": "99,000",
        "Address": "",
        "City": "Rushville",
        "State": "IN",
        "City, State": "Rushville, IN",
        "Latitude": "39.6092137",
        "Longitude": "-85.4463594",
        "Zip Code": ""
    },
    {
        "Property": "Hendricks County Plaza - Walmart, shops",
        "Square Feet": "91,044",
        "Address": "",
        "City": "Plainfield",
        "State": "IN",
        "City, State": "Plainfield, IN",
        "Latitude": "39.7042123",
        "Longitude": "-86.3994387",
        "Zip Code": ""
    },
    {
        "Property": "Hendricks County Plaza II - Walmart, shops",
        "Square Feet": "144,557",
        "Address": "",
        "City": "Plainfield",
        "State": "IN",
        "City, State": "Plainfield, IN",
        "Latitude": "39.7042123",
        "Longitude": "-86.3994387",
        "Zip Code": ""
    },
    {
        "Property": "Home Depot",
        "Square Feet": "105,000",
        "Address": "",
        "City": "Jasper",
        "State": "IN",
        "City, State": "Jasper, IN",
        "Latitude": "38.3914418",
        "Longitude": "-86.9311094",
        "Zip Code": ""
    },
    {
        "Property": "Lowe's",
        "Square Feet": "104,259",
        "Address": "",
        "City": "Terre Haute",
        "State": "IN",
        "City, State": "Terre Haute, IN",
        "Latitude": "39.4667034",
        "Longitude": "-87.4139092",
        "Zip Code": ""
    },
    {
        "Property": "Putnam County Plaza - Walmart, shops",
        "Square Feet": "90,904",
        "Address": "",
        "City": "Greencastle",
        "State": "IN",
        "City, State": "Greencastle, IN",
        "Latitude": "39.6444898",
        "Longitude": "-86.8647316",
        "Zip Code": ""
    },
    {
        "Property": "Rivergate Shopping Center - Walmart, IGA, shops",
        "Square Feet": "116,854",
        "Address": "",
        "City": "Shelbyville",
        "State": "IN",
        "City, State": "Shelbyville, IN",
        "Latitude": "39.5214373",
        "Longitude": "-85.7769238",
        "Zip Code": ""
    },
    {
        "Property": "Super Kmart",
        "Square Feet": "166,160",
        "Address": "",
        "City": "Terre Haute",
        "State": "IN",
        "City, State": "Terre Haute, IN",
        "Latitude": "39.4667034",
        "Longitude": "-87.4139092",
        "Zip Code": ""
    },
    {
        "Property": "Valley View Plaza - Walmart, shops",
        "Square Feet": "177,580",
        "Address": "",
        "City": "Marion",
        "State": "IN",
        "City, State": "Marion, IN",
        "Latitude": "40.5583739",
        "Longitude": "-85.6591442",
        "Zip Code": ""
    },
    {
        "Property": "Wabash Valley Plaza - Walmart, Pic 'n Save, shops",
        "Square Feet": "159,994",
        "Address": "",
        "City": "Terre Haute",
        "State": "IN",
        "City, State": "Terre Haute, IN",
        "Latitude": "39.4667034",
        "Longitude": "-87.4139092",
        "Zip Code": ""
    },
    {
        "Property": "Walmart Plaza - Walmart, Food Plus, shops",
        "Square Feet": "135,380",
        "Address": "",
        "City": "Bedford",
        "State": "IN",
        "City, State": "Bedford, IN",
        "Latitude": "38.8611619",
        "Longitude": "-86.4872149",
        "Zip Code": ""
    },
    {
        "Property": "Walmart Supercenter, shops",
        "Square Feet": "230,000",
        "Address": "",
        "City": "Bedford",
        "State": "IN",
        "City, State": "Bedford, IN",
        "Latitude": "38.8611619",
        "Longitude": "-86.4872149",
        "Zip Code": ""
    },
    {
        "Property": "Walmart, Staples, Goody's shops",
        "Square Feet": "270,560",
        "Address": "",
        "City": "Jasper",
        "State": "IN",
        "City, State": "Jasper, IN",
        "Latitude": "38.3914418",
        "Longitude": "-86.9311094",
        "Zip Code": ""
    },
    {
        "Property": "Walmart, shops",
        "Square Feet": "90,904",
        "Address": "",
        "City": "Noblesville",
        "State": "IN",
        "City, State": "Noblesville, IN",
        "Latitude": "40.0455917",
        "Longitude": "-86.0085955",
        "Zip Code": ""
    },
    {
        "Property": "Washington Square - Walmart, Jay C Foods, shops",
        "Square Feet": "122,230",
        "Address": "",
        "City": "Washington",
        "State": "IN",
        "City, State": "Washington, IN",
        "Latitude": "38.6592152",
        "Longitude": "-87.172789",
        "Zip Code": ""
    },
    {
        "Property": "Woodland Plaza - Walmart, shops",
        "Square Feet": "112,922",
        "Address": "",
        "City": "Warsaw",
        "State": "IN",
        "City, State": "Warsaw, IN",
        "Latitude": "41.2381",
        "Longitude": "-85.8530469",
        "Zip Code": ""
    },
    {
        "Property": "Lowe's",
        "Square Feet": "114,731",
        "Address": "",
        "City": "Ames",
        "State": "IA",
        "City, State": "Ames, IA",
        "Latitude": "42.0307812",
        "Longitude": "-93.6319131",
        "Zip Code": ""
    },
    {
        "Property": "Menards",
        "Square Feet": "168,000",
        "Address": "",
        "City": "Ottumwa",
        "State": "IA",
        "City, State": "Ottumwa, IA",
        "Latitude": "41.0160293",
        "Longitude": "-92.4083022",
        "Zip Code": ""
    },
    {
        "Property": "Walmart, shops",
        "Square Feet": "203,000",
        "Address": "",
        "City": "Ottumwa",
        "State": "IA",
        "City, State": "Ottumwa, IA",
        "Latitude": "41.0160293",
        "Longitude": "-92.4083022",
        "Zip Code": ""
    },
    {
        "Property": "Lowe's",
        "Square Feet": "132,850",
        "Address": "",
        "City": "Topeka",
        "State": "KS",
        "City, State": "Topeka, KS",
        "Latitude": "39.0558235",
        "Longitude": "-95.6890185",
        "Zip Code": ""
    },
    {
        "Property": "Goody's",
        "Square Feet": "25,000",
        "Address": "",
        "City": "Pikeville",
        "State": "KY",
        "City, State": "Pikeville, KY",
        "Latitude": "37.4792672",
        "Longitude": "-82.5187629",
        "Zip Code": ""
    },
    {
        "Property": "Kmart",
        "Square Feet": "91,266",
        "Address": "",
        "City": "Campbellsville",
        "State": "KY",
        "City, State": "Campbellsville, KY",
        "Latitude": "37.3433974",
        "Longitude": "-85.3419069",
        "Zip Code": ""
    },
    {
        "Property": "Kmart, Food Lion, shops",
        "Square Feet": "130,406",
        "Address": "",
        "City": "Elizabethtown",
        "State": "KY",
        "City, State": "Elizabethtown, KY",
        "Latitude": "37.7030646",
        "Longitude": "-85.8649408",
        "Zip Code": ""
    },
    {
        "Property": "Kmart, Food Lion, shops",
        "Square Feet": "130,266",
        "Address": "",
        "City": "Glasgow",
        "State": "KY",
        "City, State": "Glasgow, KY",
        "Latitude": "36.9958839",
        "Longitude": "-85.9119215",
        "Zip Code": ""
    },
    {
        "Property": "Kmart, Kroger, Goody's shops",
        "Square Feet": "169,707",
        "Address": "",
        "City": "London",
        "State": "KY",
        "City, State": "London, KY",
        "Latitude": "37.1289771",
        "Longitude": "-84.0832646",
        "Zip Code": ""
    },
    {
        "Property": "Kmart, Kroger, shops",
        "Square Feet": "172,802",
        "Address": "",
        "City": "Versailles",
        "State": "KY",
        "City, State": "Versailles, KY",
        "Latitude": "38.052576",
        "Longitude": "-84.7299464",
        "Zip Code": ""
    },
    {
        "Property": "Walmart, shops",
        "Square Feet": "175,000",
        "Address": "",
        "City": "Paris",
        "State": "KY",
        "City, State": "Paris, KY",
        "Latitude": "38.2097987",
        "Longitude": "-84.2529869",
        "Zip Code": ""
    },
    {
        "Property": "Walgreens",
        "Square Feet": "14,850",
        "Address": "",
        "City": "Madisonville",
        "State": "KY",
        "City, State": "Madisonville, KY",
        "Latitude": "37.3281005",
        "Longitude": "-87.4988882",
        "Zip Code": ""
    },
    {
        "Property": "Walgreens",
        "Square Feet": "14,850",
        "Address": "",
        "City": "S Madisonville",
        "State": "KY",
        "City, State": "S Madisonville, KY",
        "Latitude": "37.3281005",
        "Longitude": "-87.4988882",
        "Zip Code": ""
    },
    {
        "Property": "Lowe's, Office Max",
        "Square Feet": "138,234",
        "Address": "",
        "City": "Midland",
        "State": "MI",
        "City, State": "Midland, MI",
        "Latitude": "43.6155825",
        "Longitude": "-84.2472116",
        "Zip Code": ""
    },
    {
        "Property": "Lowe's",
        "Square Feet": "135,000",
        "Address": "",
        "City": "Owatonna",
        "State": "MN",
        "City, State": "Owatonna, MN",
        "Latitude": "44.0855572",
        "Longitude": "-93.2259349",
        "Zip Code": ""
    },
    {
        "Property": "Walmart Supercenter",
        "Square Feet": "147,000",
        "Address": "",
        "City": "Owatonna",
        "State": "MN",
        "City, State": "Owatonna, MN",
        "Latitude": "44.0855572",
        "Longitude": "-93.2259349",
        "Zip Code": ""
    },
    {
        "Property": "Kmart",
        "Square Feet": "167,318",
        "Address": "",
        "City": "Hattiesburg",
        "State": "MS",
        "City, State": "Hattiesburg, MS",
        "Latitude": "31.3271189",
        "Longitude": "-89.2903392",
        "Zip Code": ""
    },
    {
        "Property": "Walmart, Officemax, shops",
        "Square Feet": "245,392",
        "Address": "",
        "City": "Vicksburg",
        "State": "MS",
        "City, State": "Vicksburg, MS",
        "Latitude": "32.3526456",
        "Longitude": "-90.877882",
        "Zip Code": ""
    },
    {
        "Property": "Dollar Tree",
        "Square Feet": "10,000",
        "Address": "",
        "City": "Vicksburg",
        "State": "MS",
        "City, State": "Vicksburg, MS",
        "Latitude": "32.3526456",
        "Longitude": "-90.877882",
        "Zip Code": ""
    },
    {
        "Property": "Centre Point Plaza - Walmart, Winn Dixie, shops",
        "Square Feet": "159,102",
        "Address": "",
        "City": "Smithfield",
        "State": "NC",
        "City, State": "Smithfield, NC",
        "Latitude": "35.5084935",
        "Longitude": "-78.3394455",
        "Zip Code": ""
    },
    {
        "Property": "Davie County Plaza - Walmart, Food Lion, Revco, shops",
        "Square Feet": "106,738",
        "Address": "",
        "City": "Mocksville",
        "State": "NC",
        "City, State": "Mocksville, NC",
        "Latitude": "35.8940263",
        "Longitude": "-80.5614494",
        "Zip Code": ""
    },
    {
        "Property": "Goody's, shops",
        "Square Feet": "31,800",
        "Address": "",
        "City": "Greeneville",
        "State": "NC",
        "City, State": "Greeneville, NC",
        "Latitude": "35.612661",
        "Longitude": "-77.3663538",
        "Zip Code": ""
    },
    {
        "Property": "Holly Springs Plaza - Walmart, Ingles, shops",
        "Square Feet": "88,000",
        "Address": "",
        "City": "Franklin",
        "State": "NC",
        "City, State": "Franklin, NC",
        "Latitude": "35.1823171",
        "Longitude": "-83.3815429",
        "Zip Code": ""
    },
    {
        "Property": "Lexington Parkway Plaza - Walmart, Ingles, Goody's, Belk",
        "Square Feet": "269,852",
        "Address": "",
        "City": "Lexington",
        "State": "NC",
        "City, State": "Lexington, NC",
        "Latitude": "35.8240265",
        "Longitude": "-80.2533838",
        "Zip Code": ""
    },
    {
        "Property": "Kohl's (Phase II Addition)",
        "Square Feet": "63,000",
        "Address": "",
        "City": "Wilkesboro",
        "State": "NC",
        "City, State": "Wilkesboro, NC",
        "Latitude": "36.1459649",
        "Longitude": "-81.1606401",
        "Zip Code": ""
    },
    {
        "Property": "Lowe's",
        "Square Feet": "135,000",
        "Address": "",
        "City": "Mocksville",
        "State": "NC",
        "City, State": "Mocksville, NC",
        "Latitude": "35.8940263",
        "Longitude": "-80.5614494",
        "Zip Code": ""
    },
    {
        "Property": "Riverbend Marketplace - Walmart, Kohl's, Petsmart, shops",
        "Square Feet": "368,006",
        "Address": "",
        "City": "Asheville",
        "State": "NC",
        "City, State": "Asheville, NC",
        "Latitude": "35.5950581",
        "Longitude": "-82.5514869",
        "Zip Code": ""
    },
    {
        "Property": "Magnolia Plaza - Walmar,t Ingles, Revco, Goody's, shops",
        "Square Feet": "185,000",
        "Address": "",
        "City": "Morganton",
        "State": "NC",
        "City, State": "Morganton, NC",
        "Latitude": "35.7454071",
        "Longitude": "-81.6848188",
        "Zip Code": ""
    },
    {
        "Property": "River Ridge - Hamrick's, A C Moore, Hancock Fabrics, J&S Cafeteria, shops",
        "Square Feet": "217,717",
        "Address": "",
        "City": "Asheville",
        "State": "NC",
        "City, State": "Asheville, NC",
        "Latitude": "35.5950581",
        "Longitude": "-82.5514869",
        "Zip Code": ""
    },
    {
        "Property": "Petsmart",
        "Square Feet": "19,500",
        "Address": "",
        "City": "Wilkesboro",
        "State": "NC",
        "City, State": "Wilkesboro, NC",
        "Latitude": "36.1459649",
        "Longitude": "-81.1606401",
        "Zip Code": ""
    },
    {
        "Property": "Ridgeview Crossing - Walmart, Ingles, Belk, shops",
        "Square Feet": "167,530",
        "Address": "",
        "City": "Elkin",
        "State": "NC",
        "City, State": "Elkin, NC",
        "Latitude": "36.2443012",
        "Longitude": "-80.8484043",
        "Zip Code": ""
    },
    {
        "Property": "Stanley County Plaza - Walmart, Ingles, shops",
        "Square Feet": "129,230",
        "Address": "",
        "City": "Albemarle",
        "State": "NC",
        "City, State": "Albemarle, NC",
        "Latitude": "35.3501426",
        "Longitude": "-80.2000578",
        "Zip Code": ""
    },
    {
        "Property": "Thomasville Commons - Kmart, Ingles, shops",
        "Square Feet": "148,699",
        "Address": "",
        "City": "Thomasville",
        "State": "NC",
        "City, State": "Thomasville, NC",
        "Latitude": "35.8826369",
        "Longitude": "-80.0819879",
        "Zip Code": ""
    },
    {
        "Property": "White Oak Plaza - Walmart, Winn Dixie, Goody's shops",
        "Square Feet": "160,036",
        "Address": "",
        "City": "Spindale/Forest City",
        "State": "NC",
        "City, State": "Spindale/Forest City, NC",
        "Latitude": "35.3400818",
        "Longitude": "-81.9218327",
        "Zip Code": ""
    },
    {
        "Property": "White Pines Plaza - Harris Teeter, shops",
        "Square Feet": "48,000",
        "Address": "",
        "City": "Cherryville",
        "State": "NC",
        "City, State": "Cherryville, NC",
        "Latitude": "35.3787442",
        "Longitude": "-81.3789739",
        "Zip Code": ""
    },
    {
        "Property": "Wilkes Plaza - Kmart, Goody's shops",
        "Square Feet": "205,707",
        "Address": "",
        "City": "Wilkesboro",
        "State": "NC",
        "City, State": "Wilkesboro, NC",
        "Latitude": "36.1459649",
        "Longitude": "-81.1606401",
        "Zip Code": ""
    },
    {
        "Property": "Ashland Square - Walmart, shops",
        "Square Feet": "134,907",
        "Address": "",
        "City": "Ashland",
        "State": "OH",
        "City, State": "Ashland, OH",
        "Latitude": "40.8686675",
        "Longitude": "-82.3182178",
        "Zip Code": ""
    },
    {
        "Property": "Lakewood Village - Walmart, Uhlman, shops",
        "Square Feet": "113,897",
        "Address": "",
        "City": "Celina",
        "State": "OH",
        "City, State": "Celina, OH",
        "Latitude": "40.5489358",
        "Longitude": "-84.5702338",
        "Zip Code": ""
    },
    {
        "Property": "Middletown Crossing - Lowe's Kohl's",
        "Square Feet": "135,000",
        "Address": "",
        "City": "Middletown",
        "State": "OH",
        "City, State": "Middletown, OH",
        "Latitude": "39.5150576",
        "Longitude": "-84.3982763",
        "Zip Code": ""
    },
    {
        "Property": "Middletown (Phase II) - Walmart",
        "Square Feet": "149,562",
        "Address": "",
        "City": "Middletown",
        "State": "OH",
        "City, State": "Middletown, OH",
        "Latitude": "39.5150576",
        "Longitude": "-84.3982763",
        "Zip Code": ""
    },
    {
        "Property": "Walmart Supercenter, shops",
        "Square Feet": "224,000",
        "Address": "",
        "City": "Ashland",
        "State": "OH",
        "City, State": "Ashland, OH",
        "Latitude": "40.8686675",
        "Longitude": "-82.3182178",
        "Zip Code": ""
    },
    {
        "Property": "Walmart, Ross, shops",
        "Square Feet": "246,995",
        "Address": "",
        "City": "Duncan",
        "State": "OK",
        "City, State": "Duncan, OK",
        "Latitude": "34.5023028",
        "Longitude": "-97.9578128",
        "Zip Code": ""
    },
    {
        "Property": "Publix, shops",
        "Square Feet": "87,840",
        "Address": "",
        "City": "Bluffton",
        "State": "SC",
        "City, State": "Bluffton, SC",
        "Latitude": "32.2371465",
        "Longitude": "-80.8603868",
        "Zip Code": ""
    },
    {
        "Property": "Publix, shops",
        "Square Feet": "66,500",
        "Address": "",
        "City": "NE Columbia",
        "State": "SC",
        "City, State": "NE Columbia, SC",
        "Latitude": "34.0007104",
        "Longitude": "-81.0348144",
        "Zip Code": ""
    },
    {
        "Property": "Publix, shops",
        "Square Feet": "61,271",
        "Address": "",
        "City": "Greenville",
        "State": "SC",
        "City, State": "Greenville, SC",
        "Latitude": "34.8526176",
        "Longitude": "-82.3940104",
        "Zip Code": ""
    },
    {
        "Property": "Publix, shops",
        "Square Feet": "64,671",
        "Address": "",
        "City": "Irmo",
        "State": "SC",
        "City, State": "Irmo, SC",
        "Latitude": "34.0859829",
        "Longitude": "-81.1831513",
        "Zip Code": ""
    },
    {
        "Property": "Walgreens",
        "Square Feet": "14,850",
        "Address": "",
        "City": "Greenville",
        "State": "SC",
        "City, State": "Greenville, SC",
        "Latitude": "34.8526176",
        "Longitude": "-82.3940104",
        "Zip Code": ""
    },
    {
        "Property": "Chapman Ford Crossing - Walmart, Food Lion, Goody's",
        "Square Feet": "185,679",
        "Address": "",
        "City": "Knoxville",
        "State": "TN",
        "City, State": "Knoxville, TN",
        "Latitude": "35.9606384",
        "Longitude": "-83.9207392",
        "Zip Code": ""
    },
    {
        "Property": "Claiborne County Plaza - Walmart, Ingles, shops",
        "Square Feet": "98,104",
        "Address": "",
        "City": "New Tazewell",
        "State": "TN",
        "City, State": "New Tazewell, TN",
        "Latitude": "36.4425827",
        "Longitude": "-83.5996306",
        "Zip Code": ""
    },
    {
        "Property": "Cumberland County Plaza - Walmart, Kroger, shops",
        "Square Feet": "171,226",
        "Address": "",
        "City": "Crossville",
        "State": "TN",
        "City, State": "Crossville, TN",
        "Latitude": "35.9489566",
        "Longitude": "-85.0269014",
        "Zip Code": ""
    },
    {
        "Property": "CVS",
        "Square Feet": "10,125",
        "Address": "",
        "City": "Farragut",
        "State": "TN",
        "City, State": "Farragut, TN",
        "Latitude": "35.8778548",
        "Longitude": "-84.1711345",
        "Zip Code": ""
    },
    {
        "Property": "CVS",
        "Square Feet": "10,125",
        "Address": "",
        "City": "South Knoxville",
        "State": "TN",
        "City, State": "South Knoxville, TN",
        "Latitude": "35.9506372",
        "Longitude": "-83.8950042",
        "Zip Code": ""
    },
    {
        "Property": "CVS",
        "Square Feet": "14,925",
        "Address": "",
        "City": "West Knoxville",
        "State": "TN",
        "City, State": "West Knoxville, TN",
        "Latitude": "35.9703599",
        "Longitude": "-83.9551854",
        "Zip Code": ""
    },
    {
        "Property": "CVS",
        "Square Feet": "10,125",
        "Address": "",
        "City": "Lenoir City",
        "State": "TN",
        "City, State": "Lenoir City, TN",
        "Latitude": "35.7972998",
        "Longitude": "-84.2560299",
        "Zip Code": ""
    },
    {
        "Property": "Farragut Towne Square - Ingles, CVS, shops",
        "Square Feet": "62,100",
        "Address": "",
        "City": "Knoxville",
        "State": "TN",
        "City, State": "Knoxville, TN",
        "Latitude": "35.9606384",
        "Longitude": "-83.9207392",
        "Zip Code": ""
    },
    {
        "Property": "Farragut Town Square Expansions - Goody's shops",
        "Square Feet": "20,400",
        "Address": "",
        "City": "Knoxville",
        "State": "TN",
        "City, State": "Knoxville, TN",
        "Latitude": "35.9606384",
        "Longitude": "-83.9207392",
        "Zip Code": ""
    },
    {
        "Property": "Forrest Gallery - Walmart, Kroger, Revco, Watson's, shops",
        "Square Feet": "209,592",
        "Address": "",
        "City": "Tullahoma",
        "State": "TN",
        "City, State": "Tullahoma, TN",
        "Latitude": "35.3620235",
        "Longitude": "-86.2094342",
        "Zip Code": ""
    },
    {
        "Property": "Shoe Dept - Encore",
        "Square Feet": "20,020",
        "Address": "",
        "City": "Sevierville",
        "State": "TN",
        "City, State": "Sevierville, TN",
        "Latitude": "35.8681455",
        "Longitude": "-83.561835",
        "Zip Code": ""
    },
    {
        "Property": "Greeneville West Center - Ingles, Revco",
        "Square Feet": "55,470",
        "Address": "",
        "City": "Greeneville",
        "State": "TN",
        "City, State": "Greeneville, TN",
        "Latitude": "36.1631574",
        "Longitude": "-82.8309861",
        "Zip Code": ""
    },
    {
        "Property": "Greeneville Square - Winn Dixie, Revco, Goody's",
        "Square Feet": "68,648",
        "Address": "",
        "City": "Greeneville",
        "State": "TN",
        "City, State": "Greeneville, TN",
        "Latitude": "36.1631574",
        "Longitude": "-82.8309861",
        "Zip Code": ""
    },
    {
        "Property": "Home Depot",
        "Square Feet": "105,000",
        "Address": "",
        "City": "Gallatin",
        "State": "TN",
        "City, State": "Gallatin, TN",
        "Latitude": "36.3883809",
        "Longitude": "-86.4466599",
        "Zip Code": ""
    },
    {
        "Property": "Lowe's",
        "Square Feet": "115,000",
        "Address": "",
        "City": "Jackson",
        "State": "TN",
        "City, State": "Jackson, TN",
        "Latitude": "35.6145169",
        "Longitude": "-88.8139469",
        "Zip Code": ""
    },
    {
        "Property": "Kohl's, shops",
        "Square Feet": "100,984",
        "Address": "",
        "City": "Knoxville",
        "State": "TN",
        "City, State": "Knoxville, TN",
        "Latitude": "35.9606384",
        "Longitude": "-83.9207392",
        "Zip Code": ""
    },
    {
        "Property": "Liberty Plaza - Food Lion, Revco",
        "Square Feet": "57,284",
        "Address": "",
        "City": "Morristown",
        "State": "TN",
        "City, State": "Morristown, TN",
        "Latitude": "36.2139814",
        "Longitude": "-83.2948922",
        "Zip Code": ""
    },
    {
        "Property": "Macon County Plaza - Walmart, Houchens, Revco, Tractor Supply",
        "Square Feet": "118,000",
        "Address": "",
        "City": "Lafayette",
        "State": "TN",
        "City, State": "Lafayette, TN",
        "Latitude": "36.5211623",
        "Longitude": "-86.0263732",
        "Zip Code": ""
    },
    {
        "Property": "Macon County Plaza (Phase II Addition) - Walmart",
        "Square Feet": "86,449",
        "Address": "",
        "City": "Lafayette",
        "State": "TN",
        "City, State": "Lafayette, TN",
        "Latitude": "36.5211623",
        "Longitude": "-86.0263732",
        "Zip Code": ""
    },
    {
        "Property": "McMinn County Plaza - Walmar,t Ingles, shops",
        "Square Feet": "99,969",
        "Address": "",
        "City": "Athens",
        "State": "TN",
        "City, State": "Athens, TN",
        "Latitude": "35.4428512",
        "Longitude": "-84.5929898",
        "Zip Code": ""
    },
    {
        "Property": "Monroe County Plaza - Walmart, Ingles, Revco, Goody's",
        "Square Feet": "90,525",
        "Address": "",
        "City": "Madisonville",
        "State": "TN",
        "City, State": "Madisonville, TN",
        "Latitude": "35.5197984",
        "Longitude": "-84.3635338",
        "Zip Code": ""
    },
    {
        "Property": "Newport Plaza - Walmart, Ingles, Eckerds, Goody's, shops",
        "Square Feet": "113,933",
        "Address": "",
        "City": "Newport",
        "State": "TN",
        "City, State": "Newport, TN",
        "Latitude": "35.9670412",
        "Longitude": "-83.1876578",
        "Zip Code": ""
    },
    {
        "Property": "Northwest Crossing - Walmart, Ingles, Revco, Goody's",
        "Square Feet": "216,179",
        "Address": "",
        "City": "Knoxville",
        "State": "TN",
        "City, State": "Knoxville, TN",
        "Latitude": "35.9606384",
        "Longitude": "-83.9207392",
        "Zip Code": ""
    },
    {
        "Property": "Rhea County Center - Walmart, Ingles, Revco, Goody's",
        "Square Feet": "112,002",
        "Address": "",
        "City": "Dayton",
        "State": "TN",
        "City, State": "Dayton, TN",
        "Latitude": "35.4939587",
        "Longitude": "-85.0124535",
        "Zip Code": ""
    },
    {
        "Property": "River Edge Center - Walmart, White Store, Eckerds, Goody's",
        "Square Feet": "112,729",
        "Address": "",
        "City": "Sevierville",
        "State": "TN",
        "City, State": "Sevierville, TN",
        "Latitude": "35.8681455",
        "Longitude": "-83.561835",
        "Zip Code": ""
    },
    {
        "Property": "Valley Shopping Center - Walmart, Ingles, Goody's, Revco",
        "Square Feet": "154,662",
        "Address": "",
        "City": "Rockwood",
        "State": "TN",
        "City, State": "Rockwood, TN",
        "Latitude": "35.8656284",
        "Longitude": "-84.68494",
        "Zip Code": ""
    },
    {
        "Property": "Village Green Addition - Walmart, Goody's, shops",
        "Square Feet": "88,000",
        "Address": "",
        "City": "Knoxville",
        "State": "TN",
        "City, State": "Knoxville, TN",
        "Latitude": "35.9606384",
        "Longitude": "-83.9207392",
        "Zip Code": ""
    },
    {
        "Property": "West Ridge Plaza - Walmart, Food Lion, Revco, Goody's",
        "Square Feet": "141,135",
        "Address": "",
        "City": "Bristol",
        "State": "TN",
        "City, State": "Bristol, TN",
        "Latitude": "36.5951059",
        "Longitude": "-82.1887444",
        "Zip Code": ""
    },
    {
        "Property": "Walgreens",
        "Square Feet": "14,850",
        "Address": "",
        "City": "Savannah",
        "State": "TN",
        "City, State": "Savannah, TN",
        "Latitude": "35.2248034",
        "Longitude": "-88.2492037",
        "Zip Code": ""
    },
    {
        "Property": "Lowe's",
        "Square Feet": "135,000",
        "Address": "",
        "City": "Abilene",
        "State": "TX",
        "City, State": "Abilene, TX",
        "Latitude": "32.4487364",
        "Longitude": "-99.7331439",
        "Zip Code": ""
    },
    {
        "Property": "Cherokee Plaza - Winn Dixie, Revco, shops",
        "Square Feet": "64,522",
        "Address": "",
        "City": "Jacksonville",
        "State": "TX",
        "City, State": "Jacksonville, TX",
        "Latitude": "31.963778",
        "Longitude": "-95.2705042",
        "Zip Code": ""
    },
    {
        "Property": "Gun Barrel Village - Winn Dixie, shops",
        "Square Feet": "55,595",
        "Address": "",
        "City": "Henderson",
        "State": "TX",
        "City, State": "Henderson, TX",
        "Latitude": "32.1532156",
        "Longitude": "-94.7993802",
        "Zip Code": ""
    },
    {
        "Property": "Irving West - Winn Dixie, shops",
        "Square Feet": "70,056",
        "Address": "",
        "City": "Irving",
        "State": "TX",
        "City, State": "Irving, TX",
        "Latitude": "32.8140177",
        "Longitude": "-96.9488945",
        "Zip Code": ""
    },
    {
        "Property": "Kmart",
        "Square Feet": "167,318",
        "Address": "",
        "City": "Sherman",
        "State": "TX",
        "City, State": "Sherman, TX",
        "Latitude": "33.6356618",
        "Longitude": "-96.6088805",
        "Zip Code": ""
    },
    {
        "Property": "Kohl's (Phase IV)",
        "Square Feet": "88,000",
        "Address": "",
        "City": "Killeen",
        "State": "TX",
        "City, State": "Killeen, TX",
        "Latitude": "31.1171194",
        "Longitude": "-97.7277959",
        "Zip Code": ""
    },
    {
        "Property": "Lowe's",
        "Square Feet": "131,644",
        "Address": "",
        "City": "Amarillo",
        "State": "TX",
        "City, State": "Amarillo, TX",
        "Latitude": "35.2219971",
        "Longitude": "-101.8312969",
        "Zip Code": ""
    },
    {
        "Property": "Lowe's",
        "Square Feet": "125,000",
        "Address": "",
        "City": "Conroe",
        "State": "TX",
        "City, State": "Conroe, TX",
        "Latitude": "30.3118769",
        "Longitude": "-95.4560512",
        "Zip Code": ""
    },
    {
        "Property": "Lowe's",
        "Square Feet": "131,000",
        "Address": "",
        "City": "Denton",
        "State": "TX",
        "City, State": "Denton, TX",
        "Latitude": "33.2148412",
        "Longitude": "-97.1330683",
        "Zip Code": ""
    },
    {
        "Property": "Lowe's, Walmart Supercenter, Officemax, Goody's, shops",
        "Square Feet": "501,644",
        "Address": "",
        "City": "Killeen",
        "State": "TX",
        "City, State": "Killeen, TX",
        "Latitude": "31.1171194",
        "Longitude": "-97.7277959",
        "Zip Code": ""
    },
    {
        "Property": "Lowe's",
        "Square Feet": "135,000",
        "Address": "",
        "City": "Lubbock",
        "State": "TX",
        "City, State": "Lubbock, TX",
        "Latitude": "33.5778631",
        "Longitude": "-101.8551665",
        "Zip Code": ""
    },
    {
        "Property": "Lowe's",
        "Square Feet": "135,000",
        "Address": "",
        "City": "Midland",
        "State": "TX",
        "City, State": "Midland, TX",
        "Latitude": "31.9973456",
        "Longitude": "-102.0779146",
        "Zip Code": ""
    },
    {
        "Property": "Lowe's",
        "Square Feet": "135,000",
        "Address": "",
        "City": "Sherman",
        "State": "TX",
        "City, State": "Sherman, TX",
        "Latitude": "33.6356618",
        "Longitude": "-96.6088805",
        "Zip Code": ""
    },
    {
        "Property": "Lowe's",
        "Square Feet": "135,000",
        "Address": "",
        "City": "Temple",
        "State": "TX",
        "City, State": "Temple, TX",
        "Latitude": "31.0982344",
        "Longitude": "-97.342782",
        "Zip Code": ""
    },
    {
        "Property": "Lowe's",
        "Square Feet": "135,000",
        "Address": "",
        "City": "Texarkana",
        "State": "TX",
        "City, State": "Texarkana, TX",
        "Latitude": "33.425125",
        "Longitude": "-94.0476882",
        "Zip Code": ""
    },
    {
        "Property": "Twin City Plaza - Walmart, Ingles, Revco",
        "Square Feet": "137,004",
        "Address": "",
        "City": "Galax",
        "State": "VA",
        "City, State": "Galax, VA",
        "Latitude": "36.6612387",
        "Longitude": "-80.9239671",
        "Zip Code": ""
    },
    {
        "Property": "VA/KY Regional Center - Walmart, Ingles, Goody's",
        "Square Feet": "192,957",
        "Address": "",
        "City": "Norton",
        "State": "VA",
        "City, State": "Norton, VA",
        "Latitude": "36.933433",
        "Longitude": "-82.6290459",
        "Zip Code": ""
    }
]